"date","project_name","developer","task","hours_spent","progress_delta","blocker","blocker_severity","notes"
"2026-03-10","AI Dashboard","Neha","Executive insight improvements","6","1","None","None","Daily progress update completed"
"2026-03-10","Power BI Migration","Aman","Migration validation and parity","6","0.9","None","None","Daily progress update completed"
"2026-03-10","Retail Insights","Priya","Retail data refresh and reconciliation","8","0.8","None","None","Daily progress update completed"
"2026-03-10","Supply Chain Optimization","Vikram","Optimizer tuning and KPI checks","7","0.85","None","None","Daily progress update completed"
"2026-03-10","Fraud Detection System","Sana","Model monitoring and threshold updates","6","0.8","None","None","Daily progress update completed"
"2026-03-10","Financial Risk Model","Arjun","Risk model calibration and review","6","0.7","None","None","Daily progress update completed"
"2026-03-10","Compliance Reporting","Kavya","Control evidence and compliance report updates","5","0.75","None","None","Daily progress update completed"
"2026-03-10","AI Dashboard","Rohan","API reliability and performance tuning","7","0.9","None","None","Daily progress update completed"
"2026-03-11","AI Dashboard","Neha","Executive insight improvements","6","1.1","None","None","Daily progress update completed"
"2026-03-11","Power BI Migration","Aman","Migration validation and parity","6","1","None","None","Daily progress update completed"
"2026-03-11","Retail Insights","Priya","Retail data refresh and reconciliation","8","0.9","None","None","Daily progress update completed"
"2026-03-11","Supply Chain Optimization","Vikram","Optimizer tuning and KPI checks","7","0.95","None","None","Daily progress update completed"
"2026-03-11","Fraud Detection System","Sana","Model monitoring and threshold updates","6","0.9","None","None","Daily progress update completed"
"2026-03-11","Financial Risk Model","Arjun","Risk model calibration and review","6","0.8","None","None","Daily progress update completed"
"2026-03-11","Compliance Reporting","Kavya","Control evidence and compliance report updates","5","0.85","None","None","Daily progress update completed"
"2026-03-11","AI Dashboard","Rohan","API reliability and performance tuning","7","1","None","None","Daily progress update completed"
"2026-03-12","AI Dashboard","Neha","Executive insight improvements","6","1.2","None","None","Daily progress update completed"
"2026-03-12","Power BI Migration","Aman","Migration validation and parity","6","1.1","None","None","Daily progress update completed"
"2026-03-12","Retail Insights","Priya","Retail data refresh and reconciliation","8","1","Source feed delay","Medium","Waiting on upstream data source SLA"
"2026-03-12","Supply Chain Optimization","Vikram","Optimizer tuning and KPI checks","7","1.05","None","None","Daily progress update completed"
"2026-03-12","Fraud Detection System","Sana","Model monitoring and threshold updates","6","1","None","None","Daily progress update completed"
"2026-03-12","Financial Risk Model","Arjun","Risk model calibration and review","6","0.9","None","None","Daily progress update completed"
"2026-03-12","Compliance Reporting","Kavya","Control evidence and compliance report updates","5","0.95","None","None","Daily progress update completed"
"2026-03-12","AI Dashboard","Rohan","API reliability and performance tuning","7","1.1","None","None","Daily progress update completed"
"2026-03-13","AI Dashboard","Neha","Executive insight improvements","6","1.3","None","None","Daily progress update completed"
"2026-03-13","Power BI Migration","Aman","Migration validation and parity","6","1.2","None","None","Daily progress update completed"
"2026-03-13","Retail Insights","Priya","Retail data refresh and reconciliation","8","1.1","None","None","Daily progress update completed"
"2026-03-13","Supply Chain Optimization","Vikram","Optimizer tuning and KPI checks","7","1.15","None","None","Daily progress update completed"
"2026-03-13","Fraud Detection System","Sana","Model monitoring and threshold updates","6","1.1","None","None","Daily progress update completed"
"2026-03-13","Financial Risk Model","Arjun","Risk model calibration and review","6","1","Validation data dependency","Medium","Pending updated labeled validation set"
"2026-03-13","Compliance Reporting","Kavya","Control evidence and compliance report updates","5","1.05","None","None","Daily progress update completed"
"2026-03-13","AI Dashboard","Rohan","API reliability and performance tuning","7","1.2","None","None","Daily progress update completed"
"2026-03-14","AI Dashboard","Neha","Executive insight improvements","6","1","None","None","Daily progress update completed"
"2026-03-14","Power BI Migration","Aman","Migration validation and parity","6","0.9","None","None","Daily progress update completed"
"2026-03-14","Retail Insights","Priya","Retail data refresh and reconciliation","8","0.8","None","None","Daily progress update completed"
"2026-03-14","Supply Chain Optimization","Vikram","Optimizer tuning and KPI checks","7","0.85","None","None","Daily progress update completed"
"2026-03-14","Fraud Detection System","Sana","Model monitoring and threshold updates","6","0.8","None","None","Daily progress update completed"
"2026-03-14","Financial Risk Model","Arjun","Risk model calibration and review","6","0.7","None","None","Daily progress update completed"
"2026-03-14","Compliance Reporting","Kavya","Control evidence and compliance report updates","5","0.75","None","None","Daily progress update completed"
"2026-03-14","AI Dashboard","Rohan","API reliability and performance tuning","7","0.9","Performance spike under load","Low","Investigating intermittent latency at peak"
"2026-03-15","AI Dashboard","Neha","Executive insight improvements","6","1.1","None","None","Daily progress update completed"
"2026-03-15","Power BI Migration","Aman","Migration validation and parity","6","1","None","None","Daily progress update completed"
"2026-03-15","Retail Insights","Priya","Retail data refresh and reconciliation","8","0.9","None","None","Daily progress update completed"
"2026-03-15","Supply Chain Optimization","Vikram","Optimizer tuning and KPI checks","7","0.95","None","None","Daily progress update completed"
"2026-03-15","Fraud Detection System","Sana","Model monitoring and threshold updates","6","0.9","None","None","Daily progress update completed"
"2026-03-15","Financial Risk Model","Arjun","Risk model calibration and review","6","0.8","None","None","Daily progress update completed"
"2026-03-15","Compliance Reporting","Kavya","Control evidence and compliance report updates","5","0.85","Governance signoff delay","High","Awaiting governance committee approval"
"2026-03-15","AI Dashboard","Rohan","API reliability and performance tuning","7","1","None","None","Daily progress update completed"
"2026-03-16","AI Dashboard","Neha","Executive insight improvements","6","1.2","None","None","Daily progress update completed"
"2026-03-16","Power BI Migration","Aman","Migration validation and parity","6","1.1","None","None","Daily progress update completed"
"2026-03-16","Retail Insights","Priya","Retail data refresh and reconciliation","8","1","None","None","Daily progress update completed"
"2026-03-16","Supply Chain Optimization","Vikram","Optimizer tuning and KPI checks","7","1.05","None","None","Daily progress update completed"
"2026-03-16","Fraud Detection System","Sana","Model monitoring and threshold updates","6","1","None","None","Daily progress update completed"
"2026-03-16","Financial Risk Model","Arjun","Risk model calibration and review","6","0.9","None","None","Daily progress update completed"
"2026-03-16","Compliance Reporting","Kavya","Control evidence and compliance report updates","5","0.95","None","None","Daily progress update completed"
"2026-03-16","AI Dashboard","Rohan","API reliability and performance tuning","7","1.1","None","None","Daily progress update completed"
"2026-03-17","AI Dashboard","Neha","Executive insight improvements","6","1.3","None","None","Daily progress update completed"
"2026-03-17","Power BI Migration","Aman","Migration validation and parity","6","1.2","None","None","Daily progress update completed"
"2026-03-17","Retail Insights","Priya","Retail data refresh and reconciliation","8","1.1","None","None","Daily progress update completed"
"2026-03-17","Supply Chain Optimization","Vikram","Optimizer tuning and KPI checks","7","1.15","None","None","Daily progress update completed"
"2026-03-17","Fraud Detection System","Sana","Model monitoring and threshold updates","6","1.1","None","None","Daily progress update completed"
"2026-03-17","Financial Risk Model","Arjun","Risk model calibration and review","6","1","None","None","Daily progress update completed"
"2026-03-17","Compliance Reporting","Kavya","Control evidence and compliance report updates","5","1.05","None","None","Daily progress update completed"
"2026-03-17","AI Dashboard","Rohan","API reliability and performance tuning","7","1.2","None","None","Daily progress update completed"
"2026-03-18","AI Dashboard","Neha","Executive insight improvements","6","1","None","None","Daily progress update completed"
"2026-03-18","Power BI Migration","Aman","Migration validation and parity","6","0.9","None","None","Daily progress update completed"
"2026-03-18","Retail Insights","Priya","Retail data refresh and reconciliation","8","0.8","Source feed delay","Medium","Waiting on upstream data source SLA"
"2026-03-18","Supply Chain Optimization","Vikram","Optimizer tuning and KPI checks","7","0.85","None","None","Daily progress update completed"
"2026-03-18","Fraud Detection System","Sana","Model monitoring and threshold updates","6","0.8","None","None","Daily progress update completed"
"2026-03-18","Financial Risk Model","Arjun","Risk model calibration and review","6","0.7","None","None","Daily progress update completed"
"2026-03-18","Compliance Reporting","Kavya","Control evidence and compliance report updates","5","0.75","None","None","Daily progress update completed"
"2026-03-18","AI Dashboard","Rohan","API reliability and performance tuning","7","0.9","None","None","Daily progress update completed"
"2026-03-19","AI Dashboard","Neha","Executive insight improvements","6","1.1","None","None","Daily progress update completed"
"2026-03-19","Power BI Migration","Aman","Migration validation and parity","6","1","None","None","Daily progress update completed"
"2026-03-19","Retail Insights","Priya","Retail data refresh and reconciliation","8","0.9","None","None","Daily progress update completed"
"2026-03-19","Supply Chain Optimization","Vikram","Optimizer tuning and KPI checks","7","0.95","None","None","Daily progress update completed"
"2026-03-19","Fraud Detection System","Sana","Model monitoring and threshold updates","6","0.9","None","None","Daily progress update completed"
"2026-03-19","Financial Risk Model","Arjun","Risk model calibration and review","6","0.8","None","None","Daily progress update completed"
"2026-03-19","Compliance Reporting","Kavya","Control evidence and compliance report updates","5","0.85","None","None","Daily progress update completed"
"2026-03-19","AI Dashboard","Rohan","API reliability and performance tuning","7","1","None","None","Daily progress update completed"
"2026-03-20","AI Dashboard","Neha","Executive insight improvements","6","1.2","None","None","Daily progress update completed"
"2026-03-20","Power BI Migration","Aman","Migration validation and parity","6","1.1","None","None","Daily progress update completed"
"2026-03-20","Retail Insights","Priya","Retail data refresh and reconciliation","8","1","None","None","Daily progress update completed"
"2026-03-20","Supply Chain Optimization","Vikram","Optimizer tuning and KPI checks","7","1.05","None","None","Daily progress update completed"
"2026-03-20","Fraud Detection System","Sana","Model monitoring and threshold updates","6","1","None","None","Daily progress update completed"
"2026-03-20","Financial Risk Model","Arjun","Risk model calibration and review","6","0.9","Validation data dependency","Medium","Pending updated labeled validation set"
"2026-03-20","Compliance Reporting","Kavya","Control evidence and compliance report updates","5","0.95","None","None","Daily progress update completed"
"2026-03-20","AI Dashboard","Rohan","API reliability and performance tuning","7","1.1","None","None","Daily progress update completed"
"2026-03-21","AI Dashboard","Neha","Executive insight improvements","6","1.3","None","None","Daily progress update completed"
"2026-03-21","Power BI Migration","Aman","Migration validation and parity","6","1.2","None","None","Daily progress update completed"
"2026-03-21","Retail Insights","Priya","Retail data refresh and reconciliation","8","1.1","None","None","Daily progress update completed"
"2026-03-21","Supply Chain Optimization","Vikram","Optimizer tuning and KPI checks","7","1.15","None","None","Daily progress update completed"
"2026-03-21","Fraud Detection System","Sana","Model monitoring and threshold updates","6","1.1","None","None","Daily progress update completed"
"2026-03-21","Financial Risk Model","Arjun","Risk model calibration and review","6","1","None","None","Daily progress update completed"
"2026-03-21","Compliance Reporting","Kavya","Control evidence and compliance report updates","5","1.05","None","None","Daily progress update completed"
"2026-03-21","AI Dashboard","Rohan","API reliability and performance tuning","7","1.2","None","None","Daily progress update completed"
"2026-03-22","AI Dashboard","Neha","Executive insight improvements","6","1","None","None","Daily progress update completed"
"2026-03-22","Power BI Migration","Aman","Migration validation and parity","6","0.9","None","None","Daily progress update completed"
"2026-03-22","Retail Insights","Priya","Retail data refresh and reconciliation","8","0.8","None","None","Daily progress update completed"
"2026-03-22","Supply Chain Optimization","Vikram","Optimizer tuning and KPI checks","7","0.85","None","None","Daily progress update completed"
"2026-03-22","Fraud Detection System","Sana","Model monitoring and threshold updates","6","0.8","None","None","Daily progress update completed"
"2026-03-22","Financial Risk Model","Arjun","Risk model calibration and review","6","0.7","None","None","Daily progress update completed"
"2026-03-22","Compliance Reporting","Kavya","Control evidence and compliance report updates","5","0.75","None","None","Daily progress update completed"
"2026-03-22","AI Dashboard","Rohan","API reliability and performance tuning","7","0.9","None","None","Daily progress update completed"
"2026-03-23","AI Dashboard","Neha","Executive insight improvements","6","1.1","None","None","Daily progress update completed"
"2026-03-23","Power BI Migration","Aman","Migration validation and parity","6","1","None","None","Daily progress update completed"
"2026-03-23","Retail Insights","Priya","Retail data refresh and reconciliation","8","0.9","None","None","Daily progress update completed"
"2026-03-23","Supply Chain Optimization","Vikram","Optimizer tuning and KPI checks","7","0.95","None","None","Daily progress update completed"
"2026-03-23","Fraud Detection System","Sana","Model monitoring and threshold updates","6","0.9","None","None","Daily progress update completed"
"2026-03-23","Financial Risk Model","Arjun","Risk model calibration and review","6","0.8","None","None","Daily progress update completed"
"2026-03-23","Compliance Reporting","Kavya","Control evidence and compliance report updates","5","0.85","None","None","Daily progress update completed"
"2026-03-23","AI Dashboard","Rohan","API reliability and performance tuning","7","1","Performance spike under load","Low","Investigating intermittent latency at peak"
"2026-03-24","AI Dashboard","Neha","Executive insight improvements","6","1.2","None","None","Daily progress update completed"
"2026-03-24","Power BI Migration","Aman","Migration validation and parity","6","1.1","None","None","Daily progress update completed"
"2026-03-24","Retail Insights","Priya","Retail data refresh and reconciliation","8","1","Source feed delay","Medium","Waiting on upstream data source SLA"
"2026-03-24","Supply Chain Optimization","Vikram","Optimizer tuning and KPI checks","7","1.05","None","None","Daily progress update completed"
"2026-03-24","Fraud Detection System","Sana","Model monitoring and threshold updates","6","1","None","None","Daily progress update completed"
"2026-03-24","Financial Risk Model","Arjun","Risk model calibration and review","6","0.9","None","None","Daily progress update completed"
"2026-03-24","Compliance Reporting","Kavya","Control evidence and compliance report updates","5","0.95","None","None","Daily progress update completed"
"2026-03-24","AI Dashboard","Rohan","API reliability and performance tuning","7","1.1","None","None","Daily progress update completed"
"2026-03-25","AI Dashboard","Neha","Executive insight improvements","6","1.3","None","None","Daily progress update completed"
"2026-03-25","Power BI Migration","Aman","Migration validation and parity","6","1.2","None","None","Daily progress update completed"
"2026-03-25","Retail Insights","Priya","Retail data refresh and reconciliation","8","1.1","None","None","Daily progress update completed"
"2026-03-25","Supply Chain Optimization","Vikram","Optimizer tuning and KPI checks","7","1.15","None","None","Daily progress update completed"
"2026-03-25","Fraud Detection System","Sana","Model monitoring and threshold updates","6","1.1","None","None","Daily progress update completed"
"2026-03-25","Financial Risk Model","Arjun","Risk model calibration and review","6","1","None","None","Daily progress update completed"
"2026-03-25","Compliance Reporting","Kavya","Control evidence and compliance report updates","5","1.05","Governance signoff delay","High","Awaiting governance committee approval"
"2026-03-25","AI Dashboard","Rohan","API reliability and performance tuning","7","1.2","None","None","Daily progress update completed"
"2026-03-26","AI Dashboard","Neha","Executive insight improvements","6","1","None","None","Daily progress update completed"
"2026-03-26","Power BI Migration","Aman","Migration validation and parity","6","0.9","None","None","Daily progress update completed"
"2026-03-26","Retail Insights","Priya","Retail data refresh and reconciliation","8","0.8","None","None","Daily progress update completed"
"2026-03-26","Supply Chain Optimization","Vikram","Optimizer tuning and KPI checks","7","0.85","None","None","Daily progress update completed"
"2026-03-26","Fraud Detection System","Sana","Model monitoring and threshold updates","6","0.8","None","None","Daily progress update completed"
"2026-03-26","Financial Risk Model","Arjun","Risk model calibration and review","6","0.7","None","None","Daily progress update completed"
"2026-03-26","Compliance Reporting","Kavya","Control evidence and compliance report updates","5","0.75","None","None","Daily progress update completed"
"2026-03-26","AI Dashboard","Rohan","API reliability and performance tuning","7","0.9","None","None","Daily progress update completed"
"2026-03-27","AI Dashboard","Neha","Executive insight improvements","6","1.1","None","None","Daily progress update completed"
"2026-03-27","Power BI Migration","Aman","Migration validation and parity","6","1","None","None","Daily progress update completed"
"2026-03-27","Retail Insights","Priya","Retail data refresh and reconciliation","8","0.9","None","None","Daily progress update completed"
"2026-03-27","Supply Chain Optimization","Vikram","Optimizer tuning and KPI checks","7","0.95","None","None","Daily progress update completed"
"2026-03-27","Fraud Detection System","Sana","Model monitoring and threshold updates","6","0.9","None","None","Daily progress update completed"
"2026-03-27","Financial Risk Model","Arjun","Risk model calibration and review","6","0.8","Validation data dependency","Medium","Pending updated labeled validation set"
"2026-03-27","Compliance Reporting","Kavya","Control evidence and compliance report updates","5","0.85","None","None","Daily progress update completed"
"2026-03-27","AI Dashboard","Rohan","API reliability and performance tuning","7","1","None","None","Daily progress update completed"
"2026-03-28","AI Dashboard","Neha","Executive insight improvements","6","1.2","None","None","Daily progress update completed"
"2026-03-28","Power BI Migration","Aman","Migration validation and parity","6","1.1","None","None","Daily progress update completed"
"2026-03-28","Retail Insights","Priya","Retail data refresh and reconciliation","8","1","None","None","Daily progress update completed"
"2026-03-28","Supply Chain Optimization","Vikram","Optimizer tuning and KPI checks","7","1.05","None","None","Daily progress update completed"
"2026-03-28","Fraud Detection System","Sana","Model monitoring and threshold updates","6","1","None","None","Daily progress update completed"
"2026-03-28","Financial Risk Model","Arjun","Risk model calibration and review","6","0.9","None","None","Daily progress update completed"
"2026-03-28","Compliance Reporting","Kavya","Control evidence and compliance report updates","5","0.95","None","None","Daily progress update completed"
"2026-03-28","AI Dashboard","Rohan","API reliability and performance tuning","7","1.1","None","None","Daily progress update completed"
"2026-03-29","AI Dashboard","Neha","Executive insight improvements","6","1.3","None","None","Daily progress update completed"
"2026-03-29","Power BI Migration","Aman","Migration validation and parity","6","1.2","None","None","Daily progress update completed"
"2026-03-29","Retail Insights","Priya","Retail data refresh and reconciliation","8","1.1","None","None","Daily progress update completed"
"2026-03-29","Supply Chain Optimization","Vikram","Optimizer tuning and KPI checks","7","1.15","None","None","Daily progress update completed"
"2026-03-29","Fraud Detection System","Sana","Model monitoring and threshold updates","6","1.1","None","None","Daily progress update completed"
"2026-03-29","Financial Risk Model","Arjun","Risk model calibration and review","6","1","None","None","Daily progress update completed"
"2026-03-29","Compliance Reporting","Kavya","Control evidence and compliance report updates","5","1.05","None","None","Daily progress update completed"
"2026-03-29","AI Dashboard","Rohan","API reliability and performance tuning","7","1.2","None","None","Daily progress update completed"
"2026-03-30","AI Dashboard","Neha","Executive insight improvements","6","1","None","None","Daily progress update completed"
"2026-03-30","Power BI Migration","Aman","Migration validation and parity","6","0.9","None","None","Daily progress update completed"
"2026-03-30","Retail Insights","Priya","Retail data refresh and reconciliation","8","0.8","Source feed delay","Medium","Waiting on upstream data source SLA"
"2026-03-30","Supply Chain Optimization","Vikram","Optimizer tuning and KPI checks","7","0.85","None","None","Daily progress update completed"
"2026-03-30","Fraud Detection System","Sana","Model monitoring and threshold updates","6","0.8","None","None","Daily progress update completed"
"2026-03-30","Financial Risk Model","Arjun","Risk model calibration and review","6","0.7","None","None","Daily progress update completed"
"2026-03-30","Compliance Reporting","Kavya","Control evidence and compliance report updates","5","0.75","None","None","Daily progress update completed"
"2026-03-30","AI Dashboard","Rohan","API reliability and performance tuning","7","0.9","None","None","Daily progress update completed"
"2026-03-31","AI Dashboard","Neha","Executive insight improvements","6","1.1","None","None","Daily progress update completed"
"2026-03-31","Power BI Migration","Aman","Migration validation and parity","6","1","None","None","Daily progress update completed"
"2026-03-31","Retail Insights","Priya","Retail data refresh and reconciliation","8","0.9","None","None","Daily progress update completed"
"2026-03-31","Supply Chain Optimization","Vikram","Optimizer tuning and KPI checks","7","0.95","None","None","Daily progress update completed"
"2026-03-31","Fraud Detection System","Sana","Model monitoring and threshold updates","6","0.9","None","None","Daily progress update completed"
"2026-03-31","Financial Risk Model","Arjun","Risk model calibration and review","6","0.8","None","None","Daily progress update completed"
"2026-03-31","Compliance Reporting","Kavya","Control evidence and compliance report updates","5","0.85","None","None","Daily progress update completed"
"2026-03-31","AI Dashboard","Rohan","API reliability and performance tuning","7","1","None","None","Daily progress update completed"
"2026-04-01","AI Dashboard","Neha","Executive insight improvements","6","1.2","None","None","Daily progress update completed"
"2026-04-01","Power BI Migration","Aman","Migration validation and parity","6","1.1","None","None","Daily progress update completed"
"2026-04-01","Retail Insights","Priya","Retail data refresh and reconciliation","8","1","None","None","Daily progress update completed"
"2026-04-01","Supply Chain Optimization","Vikram","Optimizer tuning and KPI checks","7","1.05","None","None","Daily progress update completed"
"2026-04-01","Fraud Detection System","Sana","Model monitoring and threshold updates","6","1","None","None","Daily progress update completed"
"2026-04-01","Financial Risk Model","Arjun","Risk model calibration and review","6","0.9","None","None","Daily progress update completed"
"2026-04-01","Compliance Reporting","Kavya","Control evidence and compliance report updates","5","0.95","None","None","Daily progress update completed"
"2026-04-01","AI Dashboard","Rohan","API reliability and performance tuning","7","1.1","Performance spike under load","Low","Investigating intermittent latency at peak"
"2026-04-02","AI Dashboard","Neha","Executive insight improvements","6","1.3","None","None","Daily progress update completed"
"2026-04-02","Power BI Migration","Aman","Migration validation and parity","6","1.2","None","None","Daily progress update completed"
"2026-04-02","Retail Insights","Priya","Retail data refresh and reconciliation","8","1.1","None","None","Daily progress update completed"
"2026-04-02","Supply Chain Optimization","Vikram","Optimizer tuning and KPI checks","7","1.15","None","None","Daily progress update completed"
"2026-04-02","Fraud Detection System","Sana","Model monitoring and threshold updates","6","1.1","None","None","Daily progress update completed"
"2026-04-02","Financial Risk Model","Arjun","Risk model calibration and review","6","1","None","None","Daily progress update completed"
"2026-04-02","Compliance Reporting","Kavya","Control evidence and compliance report updates","5","1.05","None","None","Daily progress update completed"
"2026-04-02","AI Dashboard","Rohan","API reliability and performance tuning","7","1.2","None","None","Daily progress update completed"
"2026-04-03","AI Dashboard","Neha","Executive insight improvements","6","1","None","None","Daily progress update completed"
"2026-04-03","Power BI Migration","Aman","Migration validation and parity","6","0.9","None","None","Daily progress update completed"
"2026-04-03","Retail Insights","Priya","Retail data refresh and reconciliation","8","0.8","None","None","Daily progress update completed"
"2026-04-03","Supply Chain Optimization","Vikram","Optimizer tuning and KPI checks","7","0.85","None","None","Daily progress update completed"
"2026-04-03","Fraud Detection System","Sana","Model monitoring and threshold updates","6","0.8","None","None","Daily progress update completed"
"2026-04-03","Financial Risk Model","Arjun","Risk model calibration and review","6","0.7","Validation data dependency","Medium","Pending updated labeled validation set"
"2026-04-03","Compliance Reporting","Kavya","Control evidence and compliance report updates","5","0.75","None","None","Daily progress update completed"
"2026-04-03","AI Dashboard","Rohan","API reliability and performance tuning","7","0.9","None","None","Daily progress update completed"
"2026-04-04","AI Dashboard","Neha","Executive insight improvements","6","1.1","None","None","Daily progress update completed"
"2026-04-04","Power BI Migration","Aman","Migration validation and parity","6","1","None","None","Daily progress update completed"
"2026-04-04","Retail Insights","Priya","Retail data refresh and reconciliation","8","0.9","None","None","Daily progress update completed"
"2026-04-04","Supply Chain Optimization","Vikram","Optimizer tuning and KPI checks","7","0.95","None","None","Daily progress update completed"
"2026-04-04","Fraud Detection System","Sana","Model monitoring and threshold updates","6","0.9","None","None","Daily progress update completed"
"2026-04-04","Financial Risk Model","Arjun","Risk model calibration and review","6","0.8","None","None","Daily progress update completed"
"2026-04-04","Compliance Reporting","Kavya","Control evidence and compliance report updates","5","0.85","Governance signoff delay","High","Awaiting governance committee approval"
"2026-04-04","AI Dashboard","Rohan","API reliability and performance tuning","7","1","None","None","Daily progress update completed"
"2026-04-05","AI Dashboard","Neha","Executive insight improvements","6","1.2","None","None","Daily progress update completed"
"2026-04-05","Power BI Migration","Aman","Migration validation and parity","6","1.1","None","None","Daily progress update completed"
"2026-04-05","Retail Insights","Priya","Retail data refresh and reconciliation","8","1","Source feed delay","Medium","Waiting on upstream data source SLA"
"2026-04-05","Supply Chain Optimization","Vikram","Optimizer tuning and KPI checks","7","1.05","None","None","Daily progress update completed"
"2026-04-05","Fraud Detection System","Sana","Model monitoring and threshold updates","6","1","None","None","Daily progress update completed"
"2026-04-05","Financial Risk Model","Arjun","Risk model calibration and review","6","0.9","None","None","Daily progress update completed"
"2026-04-05","Compliance Reporting","Kavya","Control evidence and compliance report updates","5","0.95","None","None","Daily progress update completed"
"2026-04-05","AI Dashboard","Rohan","API reliability and performance tuning","7","1.1","None","None","Daily progress update completed"
"2026-04-06","AI Dashboard","Neha","Executive insight improvements","6","1.3","None","None","Daily progress update completed"
"2026-04-06","Power BI Migration","Aman","Migration validation and parity","6","1.2","None","None","Daily progress update completed"
"2026-04-06","Retail Insights","Priya","Retail data refresh and reconciliation","8","1.1","None","None","Daily progress update completed"
"2026-04-06","Supply Chain Optimization","Vikram","Optimizer tuning and KPI checks","7","1.15","None","None","Daily progress update completed"
"2026-04-06","Fraud Detection System","Sana","Model monitoring and threshold updates","6","1.1","None","None","Daily progress update completed"
"2026-04-06","Financial Risk Model","Arjun","Risk model calibration and review","6","1","None","None","Daily progress update completed"
"2026-04-06","Compliance Reporting","Kavya","Control evidence and compliance report updates","5","1.05","None","None","Daily progress update completed"
"2026-04-06","AI Dashboard","Rohan","API reliability and performance tuning","7","1.2","None","None","Daily progress update completed"
"2026-04-07","AI Dashboard","Neha","Executive insight improvements","6","1","None","None","Daily progress update completed"
"2026-04-07","Power BI Migration","Aman","Migration validation and parity","6","0.9","None","None","Daily progress update completed"
"2026-04-07","Retail Insights","Priya","Retail data refresh and reconciliation","8","0.8","None","None","Daily progress update completed"
"2026-04-07","Supply Chain Optimization","Vikram","Optimizer tuning and KPI checks","7","0.85","None","None","Daily progress update completed"
"2026-04-07","Fraud Detection System","Sana","Model monitoring and threshold updates","6","0.8","None","None","Daily progress update completed"
"2026-04-07","Financial Risk Model","Arjun","Risk model calibration and review","6","0.7","None","None","Daily progress update completed"
"2026-04-07","Compliance Reporting","Kavya","Control evidence and compliance report updates","5","0.75","None","None","Daily progress update completed"
"2026-04-07","AI Dashboard","Rohan","API reliability and performance tuning","7","0.9","None","None","Daily progress update completed"
"2026-04-08","AI Dashboard","Neha","Executive insight improvements","6","1.1","None","None","Daily progress update completed"
"2026-04-08","Power BI Migration","Aman","Migration validation and parity","6","1","None","None","Daily progress update completed"
"2026-04-08","Retail Insights","Priya","Retail data refresh and reconciliation","8","0.9","None","None","Daily progress update completed"
"2026-04-08","Supply Chain Optimization","Vikram","Optimizer tuning and KPI checks","7","0.95","None","None","Daily progress update completed"
"2026-04-08","Fraud Detection System","Sana","Model monitoring and threshold updates","6","0.9","None","None","Daily progress update completed"
"2026-04-08","Financial Risk Model","Arjun","Risk model calibration and review","6","0.8","None","None","Daily progress update completed"
"2026-04-08","Compliance Reporting","Kavya","Control evidence and compliance report updates","5","0.85","None","None","Daily progress update completed"
"2026-04-08","AI Dashboard","Rohan","API reliability and performance tuning","7","1","None","None","Daily progress update completed"
"2026-04-09","AI Dashboard","Neha","Executive insight improvements","6","1.2","None","None","Daily progress update completed"
"2026-04-09","Power BI Migration","Aman","Migration validation and parity","6","1.1","None","None","Daily progress update completed"
"2026-04-09","Retail Insights","Priya","Retail data refresh and reconciliation","8","1","None","None","Daily progress update completed"
"2026-04-09","Supply Chain Optimization","Vikram","Optimizer tuning and KPI checks","7","1.05","None","None","Daily progress update completed"
"2026-04-09","Fraud Detection System","Sana","Model monitoring and threshold updates","6","1","None","None","Daily progress update completed"
"2026-04-09","Financial Risk Model","Arjun","Risk model calibration and review","6","0.9","None","None","Daily progress update completed"
"2026-04-09","Compliance Reporting","Kavya","Control evidence and compliance report updates","5","0.95","None","None","Daily progress update completed"
"2026-04-09","AI Dashboard","Rohan","API reliability and performance tuning","7","1.1","None","None","Daily progress update completed"
"2026-04-10","AI Dashboard","Neha","Executive insight improvements","6","1.3","None","None","Daily progress update completed"
"2026-04-10","Power BI Migration","Aman","Migration validation and parity","6","1.2","None","None","Daily progress update completed"
"2026-04-10","Retail Insights","Priya","Retail data refresh and reconciliation","8","1.1","None","None","Daily progress update completed"
"2026-04-10","Supply Chain Optimization","Vikram","Optimizer tuning and KPI checks","7","1.15","None","None","Daily progress update completed"
"2026-04-10","Fraud Detection System","Sana","Model monitoring and threshold updates","6","1.1","None","None","Daily progress update completed"
"2026-04-10","Financial Risk Model","Arjun","Risk model calibration and review","6","1","Validation data dependency","Medium","Pending updated labeled validation set"
"2026-04-10","Compliance Reporting","Kavya","Control evidence and compliance report updates","5","1.05","None","None","Daily progress update completed"
"2026-04-10","AI Dashboard","Rohan","API reliability and performance tuning","7","1.2","Performance spike under load","Low","Investigating intermittent latency at peak"
